{
  "fio version" : "fio-3.30",
  "timestamp" : 1691079572,
  "timestamp_ms" : 1691079572096,
  "time" : "Thu Aug  3 16:19:32 2023",
  "global options" : {
    "bs" : "128K",
    "iodepth" : "128",
    "numjobs" : "1",
    "direct" : "1",
    "size" : "4G",
    "loops" : "5",
    "filename" : "/nvme/a"
  },
  "jobs" : [
    {
      "jobname" : "bandwidth-virtio-blk-sev-p627cierc9-read",
      "groupid" : 0,
      "error" : 0,
      "eta" : 0,
      "elapsed" : 109,
      "job options" : {
        "rw" : "read"
      },
      "read" : {
        "io_bytes" : 21474836480,
        "io_kbytes" : 20971520,
        "bw_bytes" : 1380219582,
        "bw" : 1347870,
        "iops" : 10530.239733,
        "runtime" : 15559,
        "total_ios" : 163840,
        "short_ios" : 0,
        "drop_ios" : 0,
        "slat_ns" : {
          "min" : 0,
          "max" : 0,
          "mean" : 0.000000,
          "stddev" : 0.000000,
          "N" : 0
        },
        "clat_ns" : {
          "min" : 58335,
          "max" : 825002,
          "mean" : 94333.155725,
          "stddev" : 35970.323309,
          "N" : 163840,
          "percentile" : {
            "1.000000" : 76288,
            "5.000000" : 81408,
            "10.000000" : 82432,
            "20.000000" : 84480,
            "30.000000" : 85504,
            "40.000000" : 86528,
            "50.000000" : 88576,
            "60.000000" : 90624,
            "70.000000" : 92672,
            "80.000000" : 95744,
            "90.000000" : 100864,
            "95.000000" : 109056,
            "99.000000" : 252928,
            "99.500000" : 276480,
            "99.900000" : 634880,
            "99.950000" : 651264,
            "99.990000" : 708608
          }
        },
        "lat_ns" : {
          "min" : 58415,
          "max" : 825132,
          "mean" : 94414.544958,
          "stddev" : 35973.684313,
          "N" : 163840
        },
        "bw_min" : 514560,
        "bw_max" : 1459200,
        "bw_agg" : 99.978730,
        "bw_mean" : 1347584.000000,
        "bw_dev" : 206859.806924,
        "bw_samples" : 31,
        "iops_min" : 4020,
        "iops_max" : 11400,
        "iops_mean" : 10528.000000,
        "iops_stddev" : 1616.092242,
        "iops_samples" : 31
      },
      "write" : {
        "io_bytes" : 0,
        "io_kbytes" : 0,
        "bw_bytes" : 0,
        "bw" : 0,
        "iops" : 0.000000,
        "runtime" : 0,
        "total_ios" : 0,
        "short_ios" : 0,
        "drop_ios" : 0,
        "slat_ns" : {
          "min" : 0,
          "max" : 0,
          "mean" : 0.000000,
          "stddev" : 0.000000,
          "N" : 0
        },
        "clat_ns" : {
          "min" : 0,
          "max" : 0,
          "mean" : 0.000000,
          "stddev" : 0.000000,
          "N" : 0
        },
        "lat_ns" : {
          "min" : 0,
          "max" : 0,
          "mean" : 0.000000,
          "stddev" : 0.000000,
          "N" : 0
        },
        "bw_min" : 0,
        "bw_max" : 0,
        "bw_agg" : 0.000000,
        "bw_mean" : 0.000000,
        "bw_dev" : 0.000000,
        "bw_samples" : 0,
        "iops_min" : 0,
        "iops_max" : 0,
        "iops_mean" : 0.000000,
        "iops_stddev" : 0.000000,
        "iops_samples" : 0
      },
      "trim" : {
        "io_bytes" : 0,
        "io_kbytes" : 0,
        "bw_bytes" : 0,
        "bw" : 0,
        "iops" : 0.000000,
        "runtime" : 0,
        "total_ios" : 0,
        "short_ios" : 0,
        "drop_ios" : 0,
        "slat_ns" : {
          "min" : 0,
          "max" : 0,
          "mean" : 0.000000,
          "stddev" : 0.000000,
          "N" : 0
        },
        "clat_ns" : {
          "min" : 0,
          "max" : 0,
          "mean" : 0.000000,
          "stddev" : 0.000000,
          "N" : 0
        },
        "lat_ns" : {
          "min" : 0,
          "max" : 0,
          "mean" : 0.000000,
          "stddev" : 0.000000,
          "N" : 0
        },
        "bw_min" : 0,
        "bw_max" : 0,
        "bw_agg" : 0.000000,
        "bw_mean" : 0.000000,
        "bw_dev" : 0.000000,
        "bw_samples" : 0,
        "iops_min" : 0,
        "iops_max" : 0,
        "iops_mean" : 0.000000,
        "iops_stddev" : 0.000000,
        "iops_samples" : 0
      },
      "sync" : {
        "total_ios" : 0,
        "lat_ns" : {
          "min" : 0,
          "max" : 0,
          "mean" : 0.000000,
          "stddev" : 0.000000,
          "N" : 0
        }
      },
      "job_runtime" : 15558,
      "usr_cpu" : 1.452629,
      "sys_cpu" : 34.695976,
      "ctx" : 163846,
      "majf" : 1,
      "minf" : 44,
      "iodepth_level" : {
        "1" : 100.000000,
        "2" : 0.000000,
        "4" : 0.000000,
        "8" : 0.000000,
        "16" : 0.000000,
        "32" : 0.000000,
        ">=64" : 0.000000
      },
      "iodepth_submit" : {
        "0" : 0.000000,
        "4" : 100.000000,
        "8" : 0.000000,
        "16" : 0.000000,
        "32" : 0.000000,
        "64" : 0.000000,
        ">=64" : 0.000000
      },
      "iodepth_complete" : {
        "0" : 0.000000,
        "4" : 100.000000,
        "8" : 0.000000,
        "16" : 0.000000,
        "32" : 0.000000,
        "64" : 0.000000,
        ">=64" : 0.000000
      },
      "latency_ns" : {
        "2" : 0.000000,
        "4" : 0.000000,
        "10" : 0.000000,
        "20" : 0.000000,
        "50" : 0.000000,
        "100" : 0.000000,
        "250" : 0.000000,
        "500" : 0.000000,
        "750" : 0.000000,
        "1000" : 0.000000
      },
      "latency_us" : {
        "2" : 0.000000,
        "4" : 0.000000,
        "10" : 0.000000,
        "20" : 0.000000,
        "50" : 0.000000,
        "100" : 88.313599,
        "250" : 10.617676,
        "500" : 0.805664,
        "750" : 0.261230,
        "1000" : 0.010000
      },
      "latency_ms" : {
        "2" : 0.000000,
        "4" : 0.000000,
        "10" : 0.000000,
        "20" : 0.000000,
        "50" : 0.000000,
        "100" : 0.000000,
        "250" : 0.000000,
        "500" : 0.000000,
        "750" : 0.000000,
        "1000" : 0.000000,
        "2000" : 0.000000,
        ">=2000" : 0.000000
      },
      "latency_depth" : 128,
      "latency_target" : 0,
      "latency_percentile" : 100.000000,
      "latency_window" : 0
    },
    {
      "jobname" : "bandwidth-virtio-blk-sev-p627cierc9-write",
      "groupid" : 0,
      "error" : 0,
      "eta" : 0,
      "elapsed" : 109,
      "job options" : {
        "rw" : "write"
      },
      "read" : {
        "io_bytes" : 0,
        "io_kbytes" : 0,
        "bw_bytes" : 0,
        "bw" : 0,
        "iops" : 0.000000,
        "runtime" : 0,
        "total_ios" : 0,
        "short_ios" : 0,
        "drop_ios" : 0,
        "slat_ns" : {
          "min" : 0,
          "max" : 0,
          "mean" : 0.000000,
          "stddev" : 0.000000,
          "N" : 0
        },
        "clat_ns" : {
          "min" : 0,
          "max" : 0,
          "mean" : 0.000000,
          "stddev" : 0.000000,
          "N" : 0
        },
        "lat_ns" : {
          "min" : 0,
          "max" : 0,
          "mean" : 0.000000,
          "stddev" : 0.000000,
          "N" : 0
        },
        "bw_min" : 0,
        "bw_max" : 0,
        "bw_agg" : 0.000000,
        "bw_mean" : 0.000000,
        "bw_dev" : 0.000000,
        "bw_samples" : 0,
        "iops_min" : 0,
        "iops_max" : 0,
        "iops_mean" : 0.000000,
        "iops_stddev" : 0.000000,
        "iops_samples" : 0
      },
      "write" : {
        "io_bytes" : 21474836480,
        "io_kbytes" : 20971520,
        "bw_bytes" : 197760719,
        "bw" : 193125,
        "iops" : 1508.794548,
        "runtime" : 108590,
        "total_ios" : 163840,
        "short_ios" : 0,
        "drop_ios" : 0,
        "slat_ns" : {
          "min" : 0,
          "max" : 0,
          "mean" : 0.000000,
          "stddev" : 0.000000,
          "N" : 0
        },
        "clat_ns" : {
          "min" : 53090,
          "max" : 35663126,