{
  "fio version" : "fio-3.30",
  "timestamp" : 1690927098,
  "timestamp_ms" : 1690927098783,
  "time" : "Tue Aug  1 21:58:18 2023",
  "global options" : {
    "bs" : "128K",
    "iodepth" : "128",
    "numjobs" : "1",
    "direct" : "1",
    "size" : "4G",
    "loops" : "5",
    "filename" : "/mnt/a"
  },
  "jobs" : [
    {
      "jobname" : "bandwidth-virtio-blk-sev-iwjjcvqw4e-read",
      "groupid" : 0,
      "error" : 0,
      "eta" : 0,
      "elapsed" : 137,
      "job options" : {
        "rw" : "read"
      },
      "read" : {
        "io_bytes" : 21474836480,
        "io_kbytes" : 20971520,
        "bw_bytes" : 1186979686,
        "bw" : 1159159,
        "iops" : 9055.936325,
        "runtime" : 18092,
        "total_ios" : 163840,
        "short_ios" : 0,
        "drop_ios" : 0,
        "slat_ns" : {
          "min" : 0,
          "max" : 0,
          "mean" : 0.000000,
          "stddev" : 0.000000,
          "N" : 0
        },
        "clat_ns" : {
          "min" : 70103,
          "max" : 4156763,
          "mean" : 109892.859253,
          "stddev" : 61922.652016,
          "N" : 163840,
          "percentile" : {
            "1.000000" : 86528,
            "5.000000" : 95744,
            "10.000000" : 96768,
            "20.000000" : 98816,
            "30.000000" : 99840,
            "40.000000" : 100864,
            "50.000000" : 101888,
            "60.000000" : 102912,
            "70.000000" : 104960,
            "80.000000" : 112128,
            "90.000000" : 126464,
            "95.000000" : 132096,
            "99.000000" : 164864,
            "99.500000" : 234496,
            "99.900000" : 872448,
            "99.950000" : 1597440,
            "99.990000" : 1646592
          }
        },
        "lat_ns" : {
          "min" : 70163,
          "max" : 4156823,
          "mean" : 109950.622565,
          "stddev" : 61923.028083,
          "N" : 163840
        },
        "bw_min" : 644352,
        "bw_max" : 1317120,
        "bw_agg" : 100.000000,
        "bw_mean" : 1159715.555556,
        "bw_dev" : 139514.237737,
        "bw_samples" : 36,
        "iops_min" : 5034,
        "iops_max" : 10290,
        "iops_mean" : 9060.277778,
        "iops_stddev" : 1089.954982,
        "iops_samples" : 36
      },
      "write" : {
        "io_bytes" : 0,
        "io_kbytes" : 0,
        "bw_bytes" : 0,
        "bw" : 0,
        "iops" : 0.000000,
        "runtime" : 0,
        "total_ios" : 0,
        "short_ios" : 0,
        "drop_ios" : 0,
        "slat_ns" : {
          "min" : 0,
          "max" : 0,
          "mean" : 0.000000,
          "stddev" : 0.000000,
          "N" : 0
        },
        "clat_ns" : {
          "min" : 0,
          "max" : 0,
          "mean" : 0.000000,
          "stddev" : 0.000000,
          "N" : 0
        },
        "lat_ns" : {
          "min" : 0,
          "max" : 0,
          "mean" : 0.000000,
          "stddev" : 0.000000,
          "N" : 0
        },
        "bw_min" : 0,
        "bw_max" : 0,
        "bw_agg" : 0.000000,
        "bw_mean" : 0.000000,
        "bw_dev" : 0.000000,
        "bw_samples" : 0,
        "iops_min" : 0,
        "iops_max" : 0,
        "iops_mean" : 0.000000,
        "iops_stddev" : 0.000000,
        "iops_samples" : 0
      },
      "trim" : {
        "io_bytes" : 0,
        "io_kbytes" : 0,
        "bw_bytes" : 0,
        "bw" : 0,
        "iops" : 0.000000,
        "runtime" : 0,
        "total_ios" : 0,
        "short_ios" : 0,
        "drop_ios" : 0,
        "slat_ns" : {
          "min" : 0,
          "max" : 0,
          "mean" : 0.000000,
          "stddev" : 0.000000,
          "N" : 0
        },
        "clat_ns" : {
          "min" : 0,
          "max" : 0,
          "mean" : 0.000000,
          "stddev" : 0.000000,
          "N" : 0
        },
        "lat_ns" : {
          "min" : 0,
          "max" : 0,
          "mean" : 0.000000,
          "stddev" : 0.000000,
          "N" : 0
        },
        "bw_min" : 0,
        "bw_max" : 0,
        "bw_agg" : 0.000000,
        "bw_mean" : 0.000000,
        "bw_dev" : 0.000000,
        "bw_samples" : 0,
        "iops_min" : 0,
        "iops_max" : 0,
        "iops_mean" : 0.000000,
        "iops_stddev" : 0.000000,
        "iops_samples" : 0
      },
      "sync" : {
        "total_ios" : 0,
        "lat_ns" : {
          "min" : 0,
          "max" : 0,
          "mean" : 0.000000,
          "stddev" : 0.000000,
          "N" : 0
        }
      },
      "job_runtime" : 18091,
      "usr_cpu" : 1.149743,
      "sys_cpu" : 27.245592,
      "ctx" : 163842,
      "majf" : 0,
      "minf" : 44,
      "iodepth_level" : {
        "1" : 100.000000,
        "2" : 0.000000,
        "4" : 0.000000,
        "8" : 0.000000,
        "16" : 0.000000,
        "32" : 0.000000,
        ">=64" : 0.000000
      },
      "iodepth_submit" : {
        "0" : 0.000000,
        "4" : 100.000000,
        "8" : 0.000000,
        "16" : 0.000000,
        "32" : 0.000000,
        "64" : 0.000000,
        ">=64" : 0.000000
      },
      "iodepth_complete" : {
        "0" : 0.000000,
        "4" : 100.000000,
        "8" : 0.000000,
        "16" : 0.000000,
        "32" : 0.000000,
        "64" : 0.000000,
        ">=64" : 0.000000
      },
      "latency_ns" : {
        "2" : 0.000000,
        "4" : 0.000000,
        "10" : 0.000000,
        "20" : 0.000000,
        "50" : 0.000000,
        "100" : 0.000000,
        "250" : 0.000000,
        "500" : 0.000000,
        "750" : 0.000000,
        "1000" : 0.000000
      },
      "latency_us" : {
        "2" : 0.000000,
        "4" : 0.000000,
        "10" : 0.000000,
        "20" : 0.000000,
        "50" : 0.000000,
        "100" : 34.556885,
        "250" : 64.984741,
        "500" : 0.053711,
        "750" : 0.037842,
        "1000" : 0.272217
      },
      "latency_ms" : {
        "2" : 0.092773,
        "4" : 0.010000,
        "10" : 0.010000,
        "20" : 0.000000,
        "50" : 0.000000,
        "100" : 0.000000,
        "250" : 0.000000,
        "500" : 0.000000,
        "750" : 0.000000,
        "1000" : 0.000000,
        "2000" : 0.000000,
        ">=2000" : 0.000000
      },
      "latency_depth" : 128,
      "latency_target" : 0,
      "latency_percentile" : 100.000000,
      "latency_window" : 0
    },
    {
      "jobname" : "bandwidth-virtio-blk-sev-iwjjcvqw4e-write",
      "groupid" : 0,
      "error" : 0,
      "eta" : 0,
      "elapsed" : 137,
      "job options" : {
        "rw" : "write"
      },
      "read" : {
        "io_bytes" : 0,
        "io_kbytes" : 0,
        "bw_bytes" : 0,
        "bw" : 0,
        "iops" : 0.000000,
        "runtime" : 0,
        "total_ios" : 0,
        "short_ios" : 0,
        "drop_ios" : 0,
        "slat_ns" : {
          "min" : 0,
          "max" : 0,
          "mean" : 0.000000,
          "stddev" : 0.000000,
          "N" : 0
        },
        "clat_ns" : {
          "min" : 0,
          "max" : 0,
          "mean" : 0.000000,
          "stddev" : 0.000000,
          "N" : 0
        },
        "lat_ns" : {
          "min" : 0,
          "max" : 0,
          "mean" : 0.000000,
          "stddev" : 0.000000,
          "N" : 0
        },
        "bw_min" : 0,
        "bw_max" : 0,
        "bw_agg" : 0.000000,
        "bw_mean" : 0.000000,
        "bw_dev" : 0.000000,
        "bw_samples" : 0,
        "iops_min" : 0,
        "iops_max" : 0,
        "iops_mean" : 0.000000,
        "iops_stddev" : 0.000000,
        "iops_samples" : 0
      },
      "write" : {
        "io_bytes" : 21474836480,
        "io_kbytes" : 20971520,
        "bw_bytes" : 157236112,
        "bw" : 153550,
        "iops" : 1199.616334,
        "runtime" : 136577,
        "total_ios" : 163840,
        "short_ios" : 0,
        "drop_ios" : 0,
        "slat_ns" : {
          "min" : 0,
          "max" : 0,
          "mean" : 0.000000,
          "stddev" : 0.000000,
          "N" : 0
        },
        "clat_ns" : {
          "min" : 52720,
          "max" : 84660285,