{
  "fio version" : "fio-3.30",
  "timestamp" : 1692624519,
  "timestamp_ms" : 1692624519528,
  "time" : "Mon Aug 21 13:28:39 2023",
  "global options" : {
    "bs" : "128K",
    "iodepth" : "128",
    "numjobs" : "1",
    "direct" : "1",
    "size" : "5G",
    "loops" : "1",
    "time_based" : "1",
    "runtime" : "60",
    "ramp_time" : "10",
    "filename" : "/dev/vdb"
  },
  "jobs" : [
    {
      "jobname" : "bandwidth-nosev-blk-s5un17lozf-read",
      "groupid" : 0,
      "error" : 0,
      "eta" : 0,
      "elapsed" : 141,
      "job options" : {
        "rw" : "read"
      },
      "read" : {
        "io_bytes" : 60637577216,
        "io_kbytes" : 59216384,
        "bw_bytes" : 1010609443,
        "bw" : 986923,
        "iops" : 7710.338161,
        "runtime" : 60001,
        "total_ios" : 462628,
        "short_ios" : 0,
        "drop_ios" : 0,
        "slat_ns" : {
          "min" : 0,
          "max" : 0,
          "mean" : 0.000000,
          "stddev" : 0.000000,
          "N" : 0
        },
        "clat_ns" : {
          "min" : 53452,
          "max" : 1129874,
          "mean" : 129077.458118,
          "stddev" : 51211.584565,
          "N" : 462628,
          "percentile" : {
            "1.000000" : 79360,
            "5.000000" : 86528,
            "10.000000" : 90624,
            "20.000000" : 93696,
            "30.000000" : 95744,
            "40.000000" : 99840,
            "50.000000" : 103936,
            "60.000000" : 116224,
            "70.000000" : 146432,
            "80.000000" : 164864,
            "90.000000" : 197632,
            "95.000000" : 236544,
            "99.000000" : 292864,
            "99.500000" : 301056,
            "99.900000" : 337920,
            "99.950000" : 419840,
            "99.990000" : 774144
          }
        },
        "lat_ns" : {
          "min" : 53502,
          "max" : 1129974,
          "mean" : 129154.007425,
          "stddev" : 51214.676731,
          "N" : 462628
        },
        "bw_min" : 559360,
        "bw_max" : 1459815,
        "bw_agg" : 100.000000,
        "bw_mean" : 987609.400000,
        "bw_dev" : 257892.208575,
        "bw_samples" : 120,
        "iops_min" : 4370,
        "iops_max" : 11404,
        "iops_mean" : 7715.533333,
        "iops_stddev" : 2014.784418,
        "iops_samples" : 120
      },
      "write" : {
        "io_bytes" : 0,
        "io_kbytes" : 0,
        "bw_bytes" : 0,
        "bw" : 0,
        "iops" : 0.000000,
        "runtime" : 0,
        "total_ios" : 0,
        "short_ios" : 0,
        "drop_ios" : 0,
        "slat_ns" : {
          "min" : 0,
          "max" : 0,
          "mean" : 0.000000,
          "stddev" : 0.000000,
          "N" : 0
        },
        "clat_ns" : {
          "min" : 0,
          "max" : 0,
          "mean" : 0.000000,
          "stddev" : 0.000000,
          "N" : 0
        },
        "lat_ns" : {
          "min" : 0,
          "max" : 0,
          "mean" : 0.000000,
          "stddev" : 0.000000,
          "N" : 0
        },
        "bw_min" : 0,
        "bw_max" : 0,
        "bw_agg" : 0.000000,
        "bw_mean" : 0.000000,
        "bw_dev" : 0.000000,
        "bw_samples" : 0,
        "iops_min" : 0,
        "iops_max" : 0,
        "iops_mean" : 0.000000,
        "iops_stddev" : 0.000000,
        "iops_samples" : 0
      },
      "trim" : {
        "io_bytes" : 0,
        "io_kbytes" : 0,
        "bw_bytes" : 0,
        "bw" : 0,
        "iops" : 0.000000,
        "runtime" : 0,
        "total_ios" : 0,
        "short_ios" : 0,
        "drop_ios" : 0,
        "slat_ns" : {
          "min" : 0,
          "max" : 0,
          "mean" : 0.000000,
          "stddev" : 0.000000,
          "N" : 0
        },
        "clat_ns" : {
          "min" : 0,
          "max" : 0,
          "mean" : 0.000000,
          "stddev" : 0.000000,
          "N" : 0
        },
        "lat_ns" : {
          "min" : 0,
          "max" : 0,
          "mean" : 0.000000,
          "stddev" : 0.000000,
          "N" : 0
        },
        "bw_min" : 0,
        "bw_max" : 0,
        "bw_agg" : 0.000000,
        "bw_mean" : 0.000000,
        "bw_dev" : 0.000000,
        "bw_samples" : 0,
        "iops_min" : 0,
        "iops_max" : 0,
        "iops_mean" : 0.000000,
        "iops_stddev" : 0.000000,
        "iops_samples" : 0
      },
      "sync" : {
        "total_ios" : 0,
        "lat_ns" : {
          "min" : 0,
          "max" : 0,
          "mean" : 0.000000,
          "stddev" : 0.000000,
          "N" : 0
        }
      },
      "job_runtime" : 60000,
      "usr_cpu" : 0.910000,
      "sys_cpu" : 23.246667,
      "ctx" : 462637,
      "majf" : 0,
      "minf" : 37,
      "iodepth_level" : {
        "1" : 100.000000,
        "2" : 0.000000,
        "4" : 0.000000,
        "8" : 0.000000,
        "16" : 0.000000,
        "32" : 0.000000,
        ">=64" : 0.000000
      },
      "iodepth_submit" : {
        "0" : 0.000000,
        "4" : 100.000000,
        "8" : 0.000000,
        "16" : 0.000000,
        "32" : 0.000000,
        "64" : 0.000000,
        ">=64" : 0.000000
      },
      "iodepth_complete" : {
        "0" : 0.000000,
        "4" : 100.000000,
        "8" : 0.000000,
        "16" : 0.000000,
        "32" : 0.000000,
        "64" : 0.000000,
        ">=64" : 0.000000
      },
      "latency_ns" : {
        "2" : 0.000000,
        "4" : 0.000000,
        "10" : 0.000000,
        "20" : 0.000000,
        "50" : 0.000000,
        "100" : 0.000000,
        "250" : 0.000000,
        "500" : 0.000000,
        "750" : 0.000000,
        "1000" : 0.000000
      },
      "latency_us" : {
        "2" : 0.000000,
        "4" : 0.000000,
        "10" : 0.000000,
        "20" : 0.000000,
        "50" : 0.000000,
        "100" : 41.460958,
        "250" : 54.121886,
        "500" : 4.377815,
        "750" : 0.027884,
        "1000" : 0.010159
      },
      "latency_ms" : {
        "2" : 0.010000,
        "4" : 0.000000,
        "10" : 0.000000,
        "20" : 0.000000,
        "50" : 0.000000,
        "100" : 0.000000,
        "250" : 0.000000,
        "500" : 0.000000,
        "750" : 0.000000,
        "1000" : 0.000000,
        "2000" : 0.000000,
        ">=2000" : 0.000000
      },
      "latency_depth" : 128,
      "latency_target" : 0,
      "latency_percentile" : 100.000000,
      "latency_window" : 0
    },
    {
      "jobname" : "bandwidth-nosev-blk-s5un17lozf-write",
      "groupid" : 1,
      "error" : 0,
      "eta" : 0,
      "elapsed" : 141,
      "job options" : {
        "rw" : "write"
      },
      "read" : {
        "io_bytes" : 0,
        "io_kbytes" : 0,
        "bw_bytes" : 0,
        "bw" : 0,
        "iops" : 0.000000,
        "runtime" : 0,
        "total_ios" : 0,
        "short_ios" : 0,
        "drop_ios" : 0,
        "slat_ns" : {
          "min" : 0,
          "max" : 0,
          "mean" : 0.000000,
          "stddev" : 0.000000,
          "N" : 0
        },
        "clat_ns" : {
          "min" : 0,
          "max" : 0,
          "mean" : 0.000000,
          "stddev" : 0.000000,
          "N" : 0
        },
        "lat_ns" : {
          "min" : 0,
          "max" : 0,
          "mean" : 0.000000,
          "stddev" : 0.000000,
          "N" : 0
        },
        "bw_min" : 0,
        "bw_max" : 0,
        "bw_agg" : 0.000000,
        "bw_mean" : 0.000000,
        "bw_dev" : 0.000000,
        "bw_samples" : 0,
        "iops_min" : 0,
        "iops_max" : 0,
        "iops_mean" : 0.000000,
        "iops_stddev" : 0.000000,
        "iops_samples" : 0
      },
      "write" : {
        "io_bytes" : 11220418560,
        "io_kbytes" : 10957440,
        "bw_bytes" : 187003859,
        "bw" : 182620,
        "iops" : 1426.726221,
        "runtime" : 60001,
        "total_ios" : 85605,
        "short_ios" : 0,
        "drop_ios" : 0,
        "slat_ns" : {
          "min" : 0,
          "max" : 0,
          "mean" : 0.000000,
          "stddev" : 0.000000,
          "N" : 0
        },